ID,Category
10329506,BANKING
30713796,BANKING
3547447,BANKING
11773925,BANKING
16407619,BANKING
29552167,BANKING
33872500,BANKING
18369400,BANKING
17131084,BANKING
12021752,BANKING
34185495,BANKING
29093426,BANKING
64589506,BANKING
13982572,BANKING
21756639,BANKING
96493528,BANKING
31025785,BANKING
36905896,BANKING
25080805,BANKING
11637468,BANKING
21856577,BANKING
35483925,BANKING
21645690,BANKING
35564026,BANKING
21796843,BANKING
73157997,BANKING
39247950,BANKING
11842348,BANKING
17823436,BANKING
25200253,BANKING
34953092,BANKING
19149865,BANKING
16300459,BANKING
19911786,BANKING
11266906,BANKING
99124477,BANKING
19176318,BANKING
79041971,BANKING
19374660,BANKING
39142536,BANKING
30127072,BANKING
39569771,BANKING
17396388,BANKING
17213671,BANKING
70667011,BANKING
25624652,BANKING
14391434,BANKING
28051330,BANKING
43375498,BANKING
28989677,BANKING
54421668,BANKING
27884470,BANKING
26579709,BANKING
34758680,BANKING
25162378,BANKING
32980197,BANKING
38897568,BANKING
18208580,BANKING
71422121,BANKING
15553584,BANKING
19920687,BANKING
60489316,BANKING
24580361,BANKING
27120528,BANKING
22615491,BANKING
45167858,BANKING
20850529,BANKING
27606527,BANKING
17276884,BANKING
18824120,BANKING
72876163,BANKING
11262933,BANKING
18645964,BANKING
11065180,BANKING
26987539,BANKING
60182829,BANKING
31710562,BANKING
41651672,BANKING
13173522,BANKING
68781345,BANKING
77156708,BANKING
87867370,BANKING
18172739,BANKING
29406313,BANKING
17189156,BANKING
26673507,BANKING
18278509,BANKING
89049979,BANKING
65864767,BANKING
20992320,BANKING
33135102,BANKING
28895997,BANKING
18457785,BANKING
98965485,BANKING
25780596,BANKING
15856762,BANKING
74552449,BANKING
28419927,BANKING
34783330,BANKING
69243180,BANKING
21297521,BANKING
18805506,BANKING
13393401,BANKING
33286293,BANKING
35492909,BANKING
29839396,BANKING
17818707,BANKING
98348532,BANKING
14626780,BANKING
23323001,BANKING
33370664,BANKING
36302399,BANKING
19437318,BANKING
10909673,BANKING
11672279,BANKING
17132168,DIGITAL-MEDIA
25038571,DIGITAL-MEDIA
24574164,DIGITAL-MEDIA
31929166,DIGITAL-MEDIA
14036515,DIGITAL-MEDIA
20330739,DIGITAL-MEDIA
28109594,DIGITAL-MEDIA
80679862,DIGITAL-MEDIA
13328680,DIGITAL-MEDIA
11677012,DIGITAL-MEDIA
58915642,DIGITAL-MEDIA
16893572,DIGITAL-MEDIA
15484097,DIGITAL-MEDIA
11270462,DIGITAL-MEDIA
13837784,DIGITAL-MEDIA
94492380,DIGITAL-MEDIA
20628003,DIGITAL-MEDIA
91539554,DIGITAL-MEDIA
33893326,DIGITAL-MEDIA
16276121,DIGITAL-MEDIA
29002596,DIGITAL-MEDIA
34319869,DIGITAL-MEDIA
18927233,DIGITAL-MEDIA
19444529,DIGITAL-MEDIA
19053815,DIGITAL-MEDIA
14209965,DIGITAL-MEDIA
17432318,DIGITAL-MEDIA
13343786,DIGITAL-MEDIA
12085736,DIGITAL-MEDIA
13503650,DIGITAL-MEDIA
25706337,DIGITAL-MEDIA
16536141,DIGITAL-MEDIA
90685127,DIGITAL-MEDIA
27419236,DIGITAL-MEDIA
31162167,DIGITAL-MEDIA
70196518,DIGITAL-MEDIA
25723793,DIGITAL-MEDIA
24953921,DIGITAL-MEDIA
42156237,DIGITAL-MEDIA
23810469,DIGITAL-MEDIA
14771530,DIGITAL-MEDIA
18525641,DIGITAL-MEDIA
81508860,DIGITAL-MEDIA
20490741,DIGITAL-MEDIA
59011090,DIGITAL-MEDIA
21125113,DIGITAL-MEDIA
18900722,DIGITAL-MEDIA
17584743,DIGITAL-MEDIA
82929064,DIGITAL-MEDIA
18442517,DIGITAL-MEDIA
18501746,DIGITAL-MEDIA
14556869,DIGITAL-MEDIA
14945250,DIGITAL-MEDIA
34583750,DIGITAL-MEDIA
50219114,DIGITAL-MEDIA
26341987,DIGITAL-MEDIA
24658786,DIGITAL-MEDIA
62700506,DIGITAL-MEDIA
11005406,DIGITAL-MEDIA
20210676,DIGITAL-MEDIA
15353911,DIGITAL-MEDIA
39166680,DIGITAL-MEDIA
31909493,DIGITAL-MEDIA
22706174,DIGITAL-MEDIA
18905648,DIGITAL-MEDIA
19861776,DIGITAL-MEDIA
24679149,DIGITAL-MEDIA
40311088,DIGITAL-MEDIA
30999638,DIGITAL-MEDIA
16509761,DIGITAL-MEDIA
91318828,DIGITAL-MEDIA
28609364,DIGITAL-MEDIA
23085604,DIGITAL-MEDIA
14761906,DIGITAL-MEDIA
23864858,DIGITAL-MEDIA
27981289,DIGITAL-MEDIA
30864828,DIGITAL-MEDIA
27080812,DIGITAL-MEDIA
40883703,DIGITAL-MEDIA
27921561,DIGITAL-MEDIA
37739183,DIGITAL-MEDIA
30504149,DIGITAL-MEDIA
73282756,DIGITAL-MEDIA
15226699,DIGITAL-MEDIA
18488289,DIGITAL-MEDIA
18354623,DIGITAL-MEDIA
33542483,DIGITAL-MEDIA
56952849,DIGITAL-MEDIA
22380187,DIGITAL-MEDIA
28679359,DIGITAL-MEDIA
10515955,DIGITAL-MEDIA
25525152,DIGITAL-MEDIA
10005171,DIGITAL-MEDIA
29915354,DIGITAL-MEDIA
17562754,DIGITAL-MEDIA
26160200,DIGITAL-MEDIA
26127853,PUBLIC-RELATIONS
32441790,PUBLIC-RELATIONS
51415089,PUBLIC-RELATIONS
88651471,PUBLIC-RELATIONS
22754014,PUBLIC-RELATIONS
26130673,PUBLIC-RELATIONS
26173524,PUBLIC-RELATIONS
49119887,PUBLIC-RELATIONS
34712719,PUBLIC-RELATIONS
27000192,PUBLIC-RELATIONS
21669215,PUBLIC-RELATIONS
21386255,PUBLIC-RELATIONS
21321598,PUBLIC-RELATIONS
23771896,PUBLIC-RELATIONS
36107065,PUBLIC-RELATIONS
13129275,PUBLIC-RELATIONS
37375999,PUBLIC-RELATIONS
31220062,PUBLIC-RELATIONS
42332765,PUBLIC-RELATIONS
11850315,PUBLIC-RELATIONS
85973397,PUBLIC-RELATIONS
19503224,PUBLIC-RELATIONS
18133495,PUBLIC-RELATIONS
12920612,PUBLIC-RELATIONS
25070914,PUBLIC-RELATIONS
11842274,PUBLIC-RELATIONS
21663616,PUBLIC-RELATIONS
11624880,PUBLIC-RELATIONS
14966165,PUBLIC-RELATIONS
10554045,PUBLIC-RELATIONS
31292364,PUBLIC-RELATIONS
23631724,PUBLIC-RELATIONS
24559558,PUBLIC-RELATIONS
11160414,PUBLIC-RELATIONS
19929506,PUBLIC-RELATIONS
14009087,PUBLIC-RELATIONS
10873344,PUBLIC-RELATIONS
13915715,PUBLIC-RELATIONS
24710433,PUBLIC-RELATIONS
24590489,PUBLIC-RELATIONS
61319162,PUBLIC-RELATIONS
22560013,PUBLIC-RELATIONS
28831442,PUBLIC-RELATIONS
19072267,PUBLIC-RELATIONS
45462344,PUBLIC-RELATIONS
27257013,PUBLIC-RELATIONS
85766635,PUBLIC-RELATIONS
23015611,PUBLIC-RELATIONS
16620172,PUBLIC-RELATIONS
23048999,PUBLIC-RELATIONS
29329075,PUBLIC-RELATIONS
14278888,PUBLIC-RELATIONS
28531493,PUBLIC-RELATIONS
29525715,PUBLIC-RELATIONS
38056161,PUBLIC-RELATIONS
31392754,PUBLIC-RELATIONS
13727873,PUBLIC-RELATIONS
36671891,PUBLIC-RELATIONS
91197243,PUBLIC-RELATIONS
14611516,PUBLIC-RELATIONS
37087371,PUBLIC-RELATIONS
59346975,PUBLIC-RELATIONS
33072201,PUBLIC-RELATIONS
37913536,PUBLIC-RELATIONS
98086373,PUBLIC-RELATIONS
14536764,PUBLIC-RELATIONS
41590605,PUBLIC-RELATIONS
23143731,PUBLIC-RELATIONS
12545844,PUBLIC-RELATIONS
12567516,PUBLIC-RELATIONS
23673025,PUBLIC-RELATIONS
15917885,PUBLIC-RELATIONS
21478007,PUBLIC-RELATIONS
24491862,PUBLIC-RELATIONS
10070224,PUBLIC-RELATIONS
14667659,PUBLIC-RELATIONS
24677466,PUBLIC-RELATIONS
28975482,PUBLIC-RELATIONS
25413261,PUBLIC-RELATIONS
14364597,PUBLIC-RELATIONS
22861181,PUBLIC-RELATIONS
75329822,PUBLIC-RELATIONS
22455205,PUBLIC-RELATIONS
21297828,PUBLIC-RELATIONS
26330995,PUBLIC-RELATIONS
16103783,PUBLIC-RELATIONS
14910300,PUBLIC-RELATIONS
14128006,PUBLIC-RELATIONS
30642458,PUBLIC-RELATIONS
19558834,PUBLIC-RELATIONS
53701275,PUBLIC-RELATIONS
12237267,PUBLIC-RELATIONS
28862054,PUBLIC-RELATIONS
19497420,PUBLIC-RELATIONS
12191094,PUBLIC-RELATIONS
31211074,PUBLIC-RELATIONS
10926726,PUBLIC-RELATIONS
18436190,PUBLIC-RELATIONS
93828034,PUBLIC-RELATIONS
11635137,PUBLIC-RELATIONS
24977396,PUBLIC-RELATIONS
20470943,PUBLIC-RELATIONS
23602130,PUBLIC-RELATIONS
45900271,PUBLIC-RELATIONS
25001005,PUBLIC-RELATIONS
28290448,PUBLIC-RELATIONS
21549195,PUBLIC-RELATIONS
16226743,PUBLIC-RELATIONS
65237556,PUBLIC-RELATIONS
20966771,PUBLIC-RELATIONS
11902276,PUBLIC-RELATIONS
21809601,ARTS
66226673,ARTS
17857644,ARTS
21867728,ARTS
20698469,ARTS
37751611,ARTS
26079779,ARTS
11995013,ARTS
23139437,ARTS
32318506,ARTS
20356750,ARTS
16244633,ARTS
41950126,ARTS
25923361,ARTS
17033567,ARTS
65325317,ARTS
19671909,ARTS
20488267,ARTS
30594821,ARTS
18586076,ARTS
37220856,ARTS
22182279,ARTS
14879257,ARTS
22800977,ARTS
28471099,ARTS
10830646,ARTS
17694454,ARTS
28629430,ARTS
93576192,ARTS
18885767,ARTS
19724031,ARTS
23752500,ARTS
12386670,ARTS
26069113,ARTS
20148147,ARTS
11555549,ARTS
12413512,ARTS
24061629,ARTS
99033098,ARTS
13272204,ARTS
12334650,ARTS
54180474,ARTS
94230796,ARTS
36019469,ARTS
18029935,ARTS
39608848,ARTS
73497035,ARTS
31114531,ARTS
54100393,ARTS
39064638,ARTS
22848179,ARTS
25157655,ARTS
78107631,ARTS
27024099,ARTS
65352424,ARTS
17325147,ARTS
15306049,ARTS
23917826,ARTS
43622023,ARTS
22593054,ARTS
28711616,ARTS
83338413,ARTS
16887936,ARTS
24983760,ARTS
14248724,ARTS
27164756,ARTS
28325193,ARTS
36379931,ARTS
83206166,ARTS
26410763,ARTS
73030450,ARTS
21060367,ARTS
27715131,ARTS
14150896,ARTS
34146825,ARTS
36758947,ARTS
53227466,ARTS
24349611,ARTS
11360471,ARTS
50432401,ARTS
20149476,ARTS
32794700,ARTS
31273413,ARTS
79432080,ARTS
27096796,ARTS
19508520,ARTS
25561640,ARTS
11187796,ARTS
33344933,ARTS
16962067,ARTS
15265464,ARTS
18319061,ARTS
99561379,ARTS
46055835,ARTS
37472265,ARTS
25926667,ARTS
38115035,ARTS
12777487,ARTS
39470264,ARTS
34304175,ARTS
18106533,ARTS
27936502,ARTS
29148871,ARTS
19818707,AVIATION
31536294,AVIATION
67631413,AVIATION
13405229,AVIATION
82738323,AVIATION
21190805,AVIATION
29595906,AVIATION
99416532,AVIATION
15618327,AVIATION
38989376,AVIATION
23985183,AVIATION
38355831,AVIATION
17983430,AVIATION
42427521,AVIATION
38663892,AVIATION
87826037,AVIATION
11333001,AVIATION
37473139,AVIATION
15823995,AVIATION
18268860,AVIATION
19284293,AVIATION
26888302,AVIATION
26279402,AVIATION
91431878,AVIATION
43720116,AVIATION
36727173,AVIATION
33627938,AVIATION
16833515,AVIATION
38047274,AVIATION
28383893,AVIATION
12144825,AVIATION
92283635,AVIATION
17686472,AVIATION
12904972,AVIATION
17483843,AVIATION
30148777,AVIATION
50775901,AVIATION
68216398,AVIATION
17694572,AVIATION
20026169,AVIATION
27502951,AVIATION
29167286,AVIATION
16449694,AVIATION
23464505,AVIATION
14790629,AVIATION
22232367,AVIATION
81588968,AVIATION
15684810,AVIATION
12504278,AVIATION
65219288,AVIATION
29534737,AVIATION
14589288,AVIATION
38154903,AVIATION
11959428,AVIATION
94137171,AVIATION
22168194,AVIATION
10176815,AVIATION
96457008,AVIATION
54232810,AVIATION
24154692,AVIATION
42546558,AVIATION
90318913,AVIATION
11169163,AVIATION
49646155,AVIATION
17876954,AVIATION
77626587,AVIATION
16850314,AVIATION
11804712,AVIATION
26819872,AVIATION
22442947,AVIATION
23761385,AVIATION
10395944,AVIATION
13234267,AVIATION
28186635,AVIATION
12192507,AVIATION
27902692,AVIATION
11137306,AVIATION
29221006,AVIATION
25719936,AVIATION
43408471,AVIATION
11614114,AVIATION
58048626,AVIATION
25718772,AVIATION
98389424,AVIATION
21287405,AVIATION
69458502,AVIATION
17152392,AVIATION
24589765,AVIATION
70198580,AVIATION
22650051,AVIATION
31605080,AVIATION
17008356,AVIATION
11752500,AVIATION
10189110,AVIATION
17655479,AVIATION
14874322,AVIATION
17274759,AVIATION
10567764,AVIATION
32720816,AVIATION
24773845,AVIATION
25625173,AVIATION
29161565,AVIATION
19506295,AVIATION
42641525,AVIATION
16279537,AVIATION
13195436,AVIATION
36252245,AVIATION
12239749,AVIATION
24668861,AVIATION
12043694,AVIATION
24544244,AVIATION
34419403,AVIATION
10945968,AVIATION
22990761,AVIATION
28020046,AVIATION
61315605,AVIATION
27512470,AVIATION
28230807,CHEF
16248476,CHEF
37231163,CHEF
29449419,CHEF
12155206,CHEF
24709432,CHEF
21101152,CHEF
27820360,CHEF
51554903,CHEF
11121498,CHEF
35157762,CHEF
34452806,CHEF
28396528,CHEF
35468363,CHEF
33964275,CHEF
29775391,CHEF
25953797,CHEF
20033302,CHEF
74522938,CHEF
81373857,CHEF
91072502,CHEF
23841877,CHEF
19268120,CHEF
62555739,CHEF
21511817,CHEF
13095891,CHEF
10276858,CHEF
11432686,CHEF
22349169,CHEF
65373280,CHEF
18825446,CHEF
28176889,CHEF
19951766,CHEF
26189601,CHEF
10001727,CHEF
47603843,CHEF
12420359,CHEF
53265899,CHEF
12717345,CHEF
15354126,CHEF
91268638,CHEF
86551046,CHEF
30826569,CHEF
13212436,CHEF
30337969,CHEF
27298953,CHEF
47729453,CHEF
15261348,CHEF
25924968,CHEF
19285236,CHEF
10333299,CHEF
27662298,CHEF
21904897,CHEF
16066857,CHEF
48580330,CHEF
24673903,CHEF
38309905,CHEF
68338341,CHEF
14663897,CHEF
27831220,CHEF
57262959,CHEF
29990140,CHEF
25128608,CHEF
16924102,CHEF
21869994,CHEF
27909372,CHEF
26718039,CHEF
19831366,CHEF
13411858,CHEF
91591026,CHEF
94047639,CHEF
28424982,CHEF
32518109,CHEF
21334981,CHEF
20817322,CHEF
14569498,CHEF
18480859,CHEF
16804396,CHEF
29211359,CHEF
13264154,CHEF
16855929,CHEF
30128072,CHEF
30311202,CHEF
23591247,CHEF
23398733,CHEF
15180322,CHEF
92985983,CHEF
11209758,CHEF
32605413,CHEF
10653119,CHEF
10588874,CHEF
34252537,CHEF
23568731,CHEF
20691949,CHEF
18036030,CHEF
28092317,CHEF
11444536,CHEF
92122785,CHEF
21611637,CHEF
23032276,CHEF
19007667,CHEF
23185829,CHEF
16594812,CHEF
22561438,CHEF
29772450,CHEF
61322296,CHEF
20321582,CHEF
24221960,CHEF
36366044,CHEF
31547476,CHEF
12254068,CHEF
29072179,CHEF
47317494,CHEF
23807940,CHEF
10889157,CHEF
21622444,CHEF
25452321,CHEF
29784524,CHEF
14014749,DESIGNER
29865476,DESIGNER
11919526,DESIGNER
37263609,DESIGNER
19195747,DESIGNER
15425154,DESIGNER
10751444,DESIGNER
67645662,DESIGNER
15936656,DESIGNER
26622051,DESIGNER
18979238,DESIGNER
12547982,DESIGNER
26924514,DESIGNER
34317538,DESIGNER
51018476,DESIGNER
13998435,DESIGNER
23951429,DESIGNER
62312955,DESIGNER
54201930,DESIGNER
26503829,DESIGNER
14724186,DESIGNER
37664296,DESIGNER
18835363,DESIGNER
85101052,DESIGNER
32532982,DESIGNER
68240723,DESIGNER
12415691,DESIGNER
26790545,DESIGNER
44185767,DESIGNER
20986595,DESIGNER
13774329,DESIGNER
25023614,DESIGNER
24583187,DESIGNER
36269672,DESIGNER
10748989,DESIGNER
67582956,DESIGNER
39252859,DESIGNER
17555081,DESIGNER
25061645,DESIGNER
21705160,DESIGNER
37058472,DESIGNER
26676567,DESIGNER
12674307,DESIGNER
38744475,DESIGNER
13014900,DESIGNER
20390397,DESIGNER
27497542,DESIGNER
10466583,DESIGNER
21283733,DESIGNER
32954522,DESIGNER
20748926,DESIGNER
24285142,DESIGNER
51681660,DESIGNER
35990852,DESIGNER
15471999,DESIGNER
26942552,DESIGNER
78149576,DESIGNER
19164410,DESIGNER
76010167,DESIGNER
29147100,DESIGNER
29524570,DESIGNER
44145704,DESIGNER
11958994,DESIGNER
22496394,DESIGNER
11155153,DESIGNER
18795567,DESIGNER
27529455,DESIGNER
25949631,DESIGNER
91153752,DESIGNER
90066849,DESIGNER
13557622,DESIGNER
34349255,DESIGNER
14743911,DESIGNER
22506245,DESIGNER
26046064,DESIGNER
38565119,DESIGNER
18460045,DESIGNER
21916744,DESIGNER
30968749,DESIGNER
20932019,DESIGNER
26496059,DESIGNER
22567495,DESIGNER
93301686,DESIGNER
94417768,DESIGNER
34511655,DESIGNER
13518263,DESIGNER
41506705,DESIGNER
34051710,DESIGNER
24655918,DESIGNER
39434376,DESIGNER
28663949,DESIGNER
34657584,DESIGNER
11722421,DESIGNER
81011612,DESIGNER
17199951,DESIGNER
28326441,DESIGNER
11807040,DESIGNER
39776400,DESIGNER
24455357,DESIGNER
22675694,DESIGNER
42384185,DESIGNER
30965258,DESIGNER
25422388,DESIGNER
18198627,DESIGNER
16288901,DESIGNER
37695494,DESIGNER
14528265,DESIGNER
36331163,CONSTRUCTION
25656981,CONSTRUCTION
45475027,CONSTRUCTION
35971546,CONSTRUCTION
32799518,CONSTRUCTION
19928941,CONSTRUCTION
22718826,CONSTRUCTION
31850269,CONSTRUCTION
61065616,CONSTRUCTION
99433371,CONSTRUCTION
69764348,CONSTRUCTION
29087505,CONSTRUCTION
15721849,CONSTRUCTION
12212468,CONSTRUCTION
24740005,CONSTRUCTION
10100240,CONSTRUCTION
24361598,CONSTRUCTION
29061628,CONSTRUCTION
22019500,CONSTRUCTION
39674782,CONSTRUCTION
10176013,CONSTRUCTION
21586858,CONSTRUCTION
39566718,CONSTRUCTION
12695537,CONSTRUCTION
18882984,CONSTRUCTION
22983516,CONSTRUCTION
25098739,CONSTRUCTION
78114950,CONSTRUCTION
12491898,CONSTRUCTION
22546476,CONSTRUCTION
27246366,CONSTRUCTION
28803888,CONSTRUCTION
28949406,CONSTRUCTION
32265203,CONSTRUCTION
29574501,CONSTRUCTION
14849103,CONSTRUCTION
10734870,CONSTRUCTION
33141415,CONSTRUCTION
23818675,CONSTRUCTION
17570634,CONSTRUCTION
22965804,CONSTRUCTION
10149490,CONSTRUCTION
94503308,CONSTRUCTION
63083944,CONSTRUCTION
24770846,CONSTRUCTION
34544955,CONSTRUCTION
90032884,CONSTRUCTION
12666174,CONSTRUCTION
20565849,CONSTRUCTION
28756444,CONSTRUCTION
10041713,CONSTRUCTION
29894080,CONSTRUCTION
12890045,CONSTRUCTION
44147689,CONSTRUCTION
10820510,CONSTRUCTION
16203589,CONSTRUCTION
39027764,CONSTRUCTION
51638201,CONSTRUCTION
19364677,CONSTRUCTION
49685006,CONSTRUCTION
18472240,CONSTRUCTION
13907230,CONSTRUCTION
12654876,CONSTRUCTION
25224998,CONSTRUCTION
93436805,CONSTRUCTION
16353584,CONSTRUCTION
27243670,CONSTRUCTION
22894544,CONSTRUCTION
21782152,CONSTRUCTION
15564893,CONSTRUCTION
56525735,CONSTRUCTION
17342969,CONSTRUCTION
28815362,CONSTRUCTION
78298706,CONSTRUCTION
32025286,CONSTRUCTION
16626724,CONSTRUCTION
20681037,CONSTRUCTION
14585273,CONSTRUCTION
16924279,CONSTRUCTION
33023370,CONSTRUCTION
26509539,CONSTRUCTION
29483501,CONSTRUCTION
27066370,CONSTRUCTION
28942221,CONSTRUCTION
30311725,CONSTRUCTION
25187733,CONSTRUCTION
27187994,CONSTRUCTION
30397268,CONSTRUCTION
19471144,CONSTRUCTION
17252448,CONSTRUCTION
16378091,CONSTRUCTION
29878348,CONSTRUCTION
12693146,CONSTRUCTION
24953126,CONSTRUCTION
27835351,CONSTRUCTION
48549972,CONSTRUCTION
12839152,CONSTRUCTION
39908485,CONSTRUCTION
71576860,CONSTRUCTION
29193505,CONSTRUCTION
26091595,CONSTRUCTION
12826414,CONSTRUCTION
32773331,CONSTRUCTION
38946032,CONSTRUCTION
63145386,CONSTRUCTION
10281555,CONSTRUCTION
14900898,CONSTRUCTION
21567392,CONSTRUCTION
11650031,CONSTRUCTION
88859947,CONSTRUCTION
11393213,CONSTRUCTION
21363048,CONSTRUCTION
19518606,ADVOCATE
90468982,ADVOCATE
28871170,ADVOCATE
38698573,ADVOCATE
15313140,ADVOCATE
10659182,ADVOCATE
42164460,ADVOCATE
20400279,ADVOCATE
28635795,ADVOCATE
17847636,ADVOCATE
18090899,ADVOCATE
37333719,ADVOCATE
77439230,ADVOCATE
49486820,ADVOCATE
13909762,ADVOCATE
26071861,ADVOCATE
95970987,ADVOCATE
15958967,ADVOCATE
20324037,ADVOCATE
37348041,ADVOCATE
13115648,ADVOCATE
74126637,ADVOCATE
14708590,ADVOCATE
13593241,ADVOCATE
93512385,ADVOCATE
24763208,ADVOCATE
26456474,ADVOCATE
19108760,ADVOCATE
75057933,ADVOCATE
28111403,ADVOCATE
17021141,ADVOCATE
38059130,ADVOCATE
22391901,ADVOCATE
18997135,ADVOCATE
11174187,ADVOCATE
12544735,ADVOCATE
54067174,ADVOCATE
18725071,ADVOCATE
29926588,ADVOCATE
37640804,ADVOCATE
10818478,ADVOCATE
75950464,ADVOCATE
24124250,ADVOCATE
23804341,ADVOCATE
22259475,ADVOCATE
31040875,ADVOCATE
28206098,ADVOCATE
16332348,ADVOCATE
13967854,ADVOCATE
20544228,ADVOCATE
80503242,ADVOCATE
40088790,ADVOCATE
11773767,ADVOCATE
23427369,ADVOCATE
38860712,ADVOCATE
23577836,ADVOCATE
12171093,ADVOCATE
47133747,ADVOCATE
24695561,ADVOCATE
30741799,ADVOCATE
19234823,ADVOCATE
13342150,ADVOCATE
35344611,ADVOCATE
11963737,ADVOCATE
24754689,ADVOCATE
14146106,ADVOCATE
97405769,ADVOCATE
19926135,ADVOCATE
74191424,ADVOCATE
10344379,ADVOCATE
24588864,ADVOCATE
13809698,ADVOCATE
53169257,ADVOCATE
15727656,ADVOCATE
17165107,ADVOCATE
19063156,ADVOCATE
29177904,ADVOCATE
37560528,ADVOCATE
36392131,ADVOCATE
20138606,ADVOCATE
32965335,ADVOCATE
24410405,ADVOCATE
91051945,ADVOCATE
78538268,ADVOCATE
25873425,ADVOCATE
49475708,ADVOCATE
38291889,ADVOCATE
14445309,ADVOCATE
73448369,ADVOCATE
13072354,ADVOCATE
28974459,ADVOCATE
14176254,ADVOCATE
72652441,ADVOCATE
15337481,ADVOCATE
36694627,ADVOCATE
20604208,ADVOCATE
34970271,ADVOCATE
95714702,ADVOCATE
17254634,ADVOCATE
14064815,ADVOCATE
10186968,ADVOCATE
75435017,ADVOCATE
29415426,ADVOCATE
17911230,ADVOCATE
22042181,ADVOCATE
89508407,ADVOCATE
27182111,ADVOCATE
31242382,ADVOCATE
44115326,ADVOCATE
34327438,ADVOCATE
35474904,ADVOCATE
29173771,ADVOCATE
21614256,ADVOCATE
20765795,ADVOCATE
24946537,ADVOCATE
20272792,ADVOCATE
46772262,ADVOCATE
11188218,ADVOCATE
45286020,TEACHER
27524018,TEACHER
22510753,TEACHER
25729119,TEACHER
17481570,TEACHER
34689720,TEACHER
34033933,TEACHER
19918523,TEACHER
16270906,TEACHER
21531811,TEACHER
36569713,TEACHER
34745915,TEACHER
29267293,TEACHER
28933005,TEACHER
69532425,TEACHER
32067700,TEACHER
19464810,TEACHER
27531694,TEACHER
23398843,TEACHER
35421497,TEACHER
28063132,TEACHER
25588694,TEACHER
34465087,TEACHER
38750659,TEACHER
58708773,TEACHER
15899269,TEACHER
22884757,TEACHER
13296856,TEACHER
20626794,TEACHER
12467531,TEACHER
27126818,TEACHER
23939133,TEACHER
18001081,TEACHER
45987048,TEACHER
13330982,TEACHER
28086303,TEACHER
13855004,TEACHER
28772892,TEACHER
29486525,TEACHER
21550454,TEACHER
11336022,TEACHER
33704389,TEACHER
10504237,TEACHER
11943065,TEACHER
10909720,TEACHER
31552617,TEACHER
16210888,TEACHER
51209395,TEACHER
27798860,TEACHER
96547039,TEACHER
36206485,TEACHER
16820422,TEACHER
17311685,TEACHER
66683238,TEACHER
86597425,TEACHER
76196367,TEACHER
10527994,TEACHER
15850434,TEACHER
28013287,TEACHER
53129155,TEACHER
79663360,TEACHER
22056333,TEACHER
24791126,TEACHER
58105060,TEACHER
20230207,TEACHER
63391085,TEACHER
19556300,TEACHER
20478831,TEACHER
13583538,TEACHER
86322251,TEACHER
37660306,TEACHER
20399718,TEACHER
74816727,TEACHER
21773106,TEACHER
24240349,TEACHER
22408666,TEACHER
70892619,TEACHER
22551979,TEACHER
11616482,TEACHER
13087952,TEACHER
22807104,TEACHER
22632070,TEACHER
23628651,TEACHER
28642819,TEACHER
90363254,TEACHER
14958913,TEACHER
37402097,TEACHER
48547319,TEACHER
19302310,TEACHER
22968380,TEACHER
58665241,TEACHER
99244405,TEACHER
69005326,TEACHER
12587973,TEACHER
29639533,TEACHER
62184086,TEACHER
66906212,TEACHER
21611212,TEACHER
19786924,TEACHER
29930479,TEACHER
49285644,TEACHER
29797594,TEACHER
50222417,ACCOUNTANT
14055988,ACCOUNTANT
16237710,ACCOUNTANT
23387174,ACCOUNTANT
14449423,ACCOUNTANT
26975573,ACCOUNTANT
39674178,ACCOUNTANT
21031285,ACCOUNTANT
36024962,ACCOUNTANT
11163645,ACCOUNTANT
15592167,ACCOUNTANT
20253563,ACCOUNTANT
13294301,ACCOUNTANT
18132924,ACCOUNTANT
30813919,ACCOUNTANT
21763056,ACCOUNTANT
35554162,ACCOUNTANT
28969385,ACCOUNTANT
17407184,ACCOUNTANT
10674770,ACCOUNTANT
23438112,ACCOUNTANT
29821051,ACCOUNTANT
13491889,ACCOUNTANT
78403342,ACCOUNTANT
30361788,ACCOUNTANT
20082776,ACCOUNTANT
49204385,ACCOUNTANT
29999135,ACCOUNTANT
15906625,ACCOUNTANT
25127518,ACCOUNTANT
27637576,ACCOUNTANT
31602598,ACCOUNTANT
87635012,ACCOUNTANT
25846894,ACCOUNTANT
12442909,ACCOUNTANT
49997097,ACCOUNTANT
39115899,ACCOUNTANT
13072019,ACCOUNTANT
12202337,ACCOUNTANT
18365791,ACCOUNTANT
26065877,ACCOUNTANT
21853199,ACCOUNTANT
25935030,ACCOUNTANT
24103168,ACCOUNTANT
23734441,ACCOUNTANT
63137898,ACCOUNTANT
10554236,ACCOUNTANT
14496667,ACCOUNTANT
34816637,ACCOUNTANT
23513618,ACCOUNTANT
28939941,ACCOUNTANT
25862026,ACCOUNTANT
29050809,ACCOUNTANT
19545827,ACCOUNTANT
11759079,ACCOUNTANT
23246831,ACCOUNTANT
27573855,ACCOUNTANT
14491649,ACCOUNTANT
23139819,ACCOUNTANT
38847011,ACCOUNTANT
80053367,ACCOUNTANT
78257294,ACCOUNTANT
25547145,ACCOUNTANT
14470533,ACCOUNTANT
15821633,ACCOUNTANT
22465498,ACCOUNTANT
37370455,ACCOUNTANT
14126433,ACCOUNTANT
28359817,ACCOUNTANT
18635654,ACCOUNTANT
27980446,ACCOUNTANT
53640713,ACCOUNTANT
59403481,ACCOUNTANT
12802330,ACCOUNTANT
12338274,ACCOUNTANT
22925443,ACCOUNTANT
13701259,ACCOUNTANT
23416654,ACCOUNTANT
18569929,ACCOUNTANT
15289348,ACCOUNTANT
36425270,ACCOUNTANT
37997506,ACCOUNTANT
13130984,ACCOUNTANT
12780508,ACCOUNTANT
28298773,ACCOUNTANT
43685045,ACCOUNTANT
17306905,ACCOUNTANT
20393721,ACCOUNTANT
25749150,ACCOUNTANT
27558837,ACCOUNTANT
29456173,ACCOUNTANT
34198885,ACCOUNTANT
21338490,ACCOUNTANT
25067742,ACCOUNTANT
24799301,ACCOUNTANT
28614791,ACCOUNTANT
15363277,ACCOUNTANT
20345168,ACCOUNTANT
75286906,ACCOUNTANT
24817041,ACCOUNTANT
21794875,ACCOUNTANT
30304575,ACCOUNTANT
24703009,ACCOUNTANT
33527446,ACCOUNTANT
18669563,ACCOUNTANT
17556527,ACCOUNTANT
23636277,ACCOUNTANT
24294778,ACCOUNTANT
25462793,ACCOUNTANT
62809577,ACCOUNTANT
20624984,ACCOUNTANT
14224370,ACCOUNTANT
25867805,ACCOUNTANT
98559931,ACCOUNTANT
19446337,ACCOUNTANT
12065211,ACCOUNTANT
42487883,ACCOUNTANT
82649935,ACCOUNTANT
24703983,AUTOMOBILE
17571262,AUTOMOBILE
14455622,AUTOMOBILE
11257723,AUTOMOBILE
23009962,AUTOMOBILE
91515108,AUTOMOBILE
78357954,AUTOMOBILE
32109048,AUTOMOBILE
15790602,AUTOMOBILE
99680385,AUTOMOBILE
18448085,AUTOMOBILE
15484011,AUTOMOBILE
25047127,AUTOMOBILE
63989974,AUTOMOBILE
23522150,AUTOMOBILE
22732234,AUTOMOBILE
22452756,AUTOMOBILE
16332293,AUTOMOBILE
84295343,AUTOMOBILE
97449528,AUTOMOBILE
28790806,AUTOMOBILE
17510973,AUTOMOBILE
47487091,AUTOMOBILE
15210069,AUTOMOBILE
11797122,AUTOMOBILE
82140102,AUTOMOBILE
11152490,AUTOMOBILE
24592627,AUTOMOBILE
22946204,AUTOMOBILE
51508889,AUTOMOBILE
18932512,AUTOMOBILE
15100547,AUTOMOBILE
14508237,AUTOMOBILE
32069695,AUTOMOBILE
11887930,AUTOMOBILE
26341645,AUTOMOBILE
74236636,ENGINEERING
31684925,ENGINEERING
19396040,ENGINEERING
61579998,ENGINEERING
10712803,ENGINEERING
32985311,ENGINEERING
21847415,ENGINEERING
47549345,ENGINEERING
16803215,ENGINEERING
60004873,ENGINEERING
21038022,ENGINEERING
12022566,ENGINEERING
38535335,ENGINEERING
28631840,ENGINEERING
28628090,ENGINEERING
56691064,ENGINEERING
43752620,ENGINEERING
64468610,ENGINEERING
39855211,ENGINEERING
37335325,ENGINEERING
38314236,ENGINEERING
35172961,ENGINEERING
28831378,ENGINEERING
64755882,ENGINEERING
18753367,ENGINEERING
15941675,ENGINEERING
10985403,ENGINEERING
55595908,ENGINEERING
21629057,ENGINEERING
12748557,ENGINEERING
17488801,ENGINEERING
15139979,ENGINEERING
30097175,ENGINEERING
19612167,ENGINEERING
25919149,ENGINEERING
19124258,ENGINEERING
82125182,ENGINEERING
21298336,ENGINEERING
28762662,ENGINEERING
19553067,ENGINEERING
31677347,ENGINEERING
24647794,ENGINEERING
55953734,ENGINEERING
47919212,ENGINEERING
25608963,ENGINEERING
17108676,ENGINEERING
25797445,ENGINEERING
10030015,ENGINEERING
28078163,ENGINEERING
23497307,ENGINEERING
30542184,ENGINEERING
35737840,ENGINEERING
10219099,ENGINEERING
33685075,ENGINEERING
20981299,ENGINEERING
86828820,ENGINEERING
54227873,ENGINEERING
27040860,ENGINEERING
22605864,ENGINEERING
23438227,ENGINEERING
39835894,ENGINEERING
11890896,ENGINEERING
30288581,ENGINEERING
27756469,ENGINEERING
13264796,ENGINEERING
35389360,ENGINEERING
28505854,ENGINEERING
14049846,ENGINEERING
77828437,ENGINEERING
82246962,ENGINEERING
12488356,ENGINEERING
31694970,ENGINEERING
28923650,ENGINEERING
20566550,ENGINEERING
17043822,ENGINEERING
62071407,ENGINEERING
16911115,ENGINEERING
10624813,ENGINEERING
44624796,ENGINEERING
22890839,ENGINEERING
25425322,ENGINEERING
50328713,ENGINEERING
11981094,ENGINEERING
28005884,ENGINEERING
12518008,ENGINEERING
26834746,ENGINEERING
25930778,ENGINEERING
81125166,ENGINEERING
14206561,ENGINEERING
36517781,ENGINEERING
47276718,ENGINEERING
28630325,ENGINEERING
27152464,ENGINEERING
38220146,ENGINEERING
13149176,ENGINEERING
15858254,ENGINEERING
17926546,ENGINEERING
28320387,ENGINEERING
14554542,ENGINEERING
24322804,ENGINEERING
26456899,ENGINEERING
49127329,ENGINEERING
15601399,ENGINEERING
32802563,ENGINEERING
96029688,ENGINEERING
21807224,ENGINEERING
20882041,ENGINEERING
12472574,ENGINEERING
90280583,ENGINEERING
35651876,ENGINEERING
36149549,ENGINEERING
32081266,ENGINEERING
12011623,ENGINEERING
86209934,ENGINEERING
17103000,ENGINEERING
23234047,ENGINEERING
19397727,ENGINEERING
51588273,ENGINEERING
19179079,HR
30646367,HR
10694288,HR
19616406,HR
39650734,HR
72231872,HR
29091445,HR
73077810,HR
59962788,HR
17422560,HR
26202430,HR
15575117,HR
21830565,HR
32977530,HR
29149998,HR
20806155,HR
93112113,HR
18155310,HR
10399912,HR
14886205,HR
51769822,HR
23155093,HR
18422164,HR
32947778,HR
18084150,HR
26048718,HR
32308556,HR
23914451,HR
16852973,HR
19717385,HR
27165830,HR
14225422,HR
47470864,HR
28419173,HR
15375009,HR
29564653,HR
20417897,HR
27490876,HR
23408537,HR
33176873,HR
46258701,HR
26780935,HR
11592605,HR
44476983,HR
30862904,HR
39970711,HR
28808263,HR
91930382,HR
18731098,HR
15041689,HR
30163002,HR
28828844,HR
18297650,HR
87968870,HR
19336728,HR
27018550,HR
24402267,HR
13879043,HR
39081840,HR
21265194,HR
25150191,HR
86184722,HR
24508725,HR
18827609,HR
80162314,HR
17855844,HR
14640322,HR
32896934,HR
13376919,HR
11698189,HR
49937469,HR
27496514,HR
11847784,HR
18557164,HR
14256329,HR
11480899,HR
15576950,HR
13520837,HR
22323967,HR
28640735,HR
18334783,HR
52979663,HR
12786012,HR
34554248,HR
11763983,HR
16861758,HR
57667857,HR
17150707,HR
34740556,HR
18316239,HR
27523575,HR
19867922,HR
16877897,HR
29297973,HR
26671167,HR
17812897,HR
25724495,HR
20925036,HR
23510685,HR
93002334,HR
41523474,HR
27847081,HR
20993320,HR
25824789,HR
25676643,HR
17412079,HR
30563572,HR
24184357,HR
26289308,HR
28175164,HR
78016758,CONSULTANT
14346702,CONSULTANT
38399177,CONSULTANT
28243590,CONSULTANT
15699744,CONSULTANT
20176584,CONSULTANT
30083884,CONSULTANT
15433732,CONSULTANT
24643412,CONSULTANT
24828381,CONSULTANT
51432451,CONSULTANT
25213006,CONSULTANT
29076405,CONSULTANT
22485475,CONSULTANT
13454871,CONSULTANT
49777184,CONSULTANT
73075521,CONSULTANT
29196643,CONSULTANT
31016926,CONSULTANT
12526702,CONSULTANT
37818861,CONSULTANT
15602094,CONSULTANT
31201660,CONSULTANT
13313917,CONSULTANT
20314980,CONSULTANT
99714410,CONSULTANT
31395742,CONSULTANT
15083600,CONSULTANT
69181350,CONSULTANT
71888547,CONSULTANT
27096471,CONSULTANT
79570655,CONSULTANT
27788376,CONSULTANT
65062795,CONSULTANT
95792386,CONSULTANT
18079050,CONSULTANT
29647215,CONSULTANT
88691367,CONSULTANT
13215696,CONSULTANT
91189201,CONSULTANT
39308779,CONSULTANT
28951817,CONSULTANT
21568833,CONSULTANT
11835339,CONSULTANT
19161572,CONSULTANT
43311839,CONSULTANT
15281412,CONSULTANT
32637306,CONSULTANT
19936735,CONSULTANT
10332998,CONSULTANT
57601040,CONSULTANT
18856440,CONSULTANT
21156767,CONSULTANT
11415967,CONSULTANT
34875813,CONSULTANT
38165833,CONSULTANT
12251115,CONSULTANT
56792999,CONSULTANT
30863060,CONSULTANT
20574232,CONSULTANT
10984392,CONSULTANT
15535920,CONSULTANT
26919036,CONSULTANT
17307206,CONSULTANT
12955994,CONSULTANT
13586069,CONSULTANT
27726066,CONSULTANT
51724595,CONSULTANT
13569152,CONSULTANT
80527194,CONSULTANT
32433431,CONSULTANT
14593060,CONSULTANT
14517953,CONSULTANT
26167298,CONSULTANT
29770086,CONSULTANT
43378989,CONSULTANT
26234972,CONSULTANT
93349646,CONSULTANT
22351830,CONSULTANT
12374933,CONSULTANT
22556198,CONSULTANT
22259768,CONSULTANT
39441617,CONSULTANT
16964217,CONSULTANT
92246939,CONSULTANT
25694422,CONSULTANT
15119529,CONSULTANT
91116867,CONSULTANT
63670997,CONSULTANT
48533663,CONSULTANT
31169070,CONSULTANT
17983957,CONSULTANT
11020140,CONSULTANT
12897903,CONSULTANT
38457612,CONSULTANT
23302948,CONSULTANT
29297393,CONSULTANT
31217840,CONSULTANT
88907739,CONSULTANT
57364820,CONSULTANT
95429627,CONSULTANT
67406885,CONSULTANT
18227306,CONSULTANT
22571461,CONSULTANT
93459677,CONSULTANT
17025292,CONSULTANT
29723311,CONSULTANT
25258040,CONSULTANT
33919379,CONSULTANT
21366189,CONSULTANT
95350373,CONSULTANT
26291616,CONSULTANT
38896303,CONSULTANT
21512769,CONSULTANT
11333660,CONSULTANT
93988900,HEALTHCARE
11605833,HEALTHCARE
41910253,HEALTHCARE
58879993,HEALTHCARE
29134372,HEALTHCARE
97169343,HEALTHCARE
13575312,HEALTHCARE
25974844,HEALTHCARE
43994605,HEALTHCARE
85421438,HEALTHCARE
24550866,HEALTHCARE
12938200,HEALTHCARE
14667957,HEALTHCARE
17864043,HEALTHCARE
46349752,HEALTHCARE
26585242,HEALTHCARE
34962725,HEALTHCARE
18949843,HEALTHCARE
10568183,HEALTHCARE
49325370,HEALTHCARE
26125407,HEALTHCARE
96260484,HEALTHCARE
25834360,HEALTHCARE
98309114,HEALTHCARE
25328428,HEALTHCARE
13565152,HEALTHCARE
18365443,HEALTHCARE
35579812,HEALTHCARE
45907524,HEALTHCARE
24548333,HEALTHCARE
10251432,HEALTHCARE
21866029,HEALTHCARE
20172393,HEALTHCARE
12613221,HEALTHCARE
10062724,HEALTHCARE
32563518,HEALTHCARE
15499825,HEALTHCARE
17960690,HEALTHCARE
24025053,HEALTHCARE
10466208,HEALTHCARE
80876647,HEALTHCARE
51777546,HEALTHCARE
20748468,HEALTHCARE
34594746,HEALTHCARE
17624934,HEALTHCARE
13352113,HEALTHCARE
20736486,HEALTHCARE
28745844,HEALTHCARE
18129173,HEALTHCARE
18784594,HEALTHCARE
12315079,HEALTHCARE
28670024,HEALTHCARE
54934269,HEALTHCARE
12333703,HEALTHCARE
31926950,HEALTHCARE
18484846,HEALTHCARE
28423028,HEALTHCARE
33750209,HEALTHCARE
23814777,HEALTHCARE
27917969,HEALTHCARE
10480456,HEALTHCARE
32219038,HEALTHCARE
17545780,HEALTHCARE
23110214,HEALTHCARE
20211577,HEALTHCARE
36625776,HEALTHCARE
26958533,HEALTHCARE
91478356,HEALTHCARE
16121387,HEALTHCARE
22008817,HEALTHCARE
15680735,HEALTHCARE
37001381,HEALTHCARE
31395710,HEALTHCARE
26695839,HEALTHCARE
36861863,HEALTHCARE
16356151,HEALTHCARE
98300955,HEALTHCARE
19090468,HEALTHCARE
15636923,HEALTHCARE
64471954,HEALTHCARE
37374340,HEALTHCARE
85417107,HEALTHCARE
39082090,HEALTHCARE
60624892,HEALTHCARE
33803142,HEALTHCARE
16702198,HEALTHCARE
56520872,HEALTHCARE
75744306,HEALTHCARE
27030979,HEALTHCARE
29992154,HEALTHCARE
95011061,HEALTHCARE
16132195,HEALTHCARE
18714571,HEALTHCARE
11378657,HEALTHCARE
23617240,HEALTHCARE
10076271,HEALTHCARE
20835760,HEALTHCARE
17539842,HEALTHCARE
87520378,HEALTHCARE
36868767,HEALTHCARE
11704150,HEALTHCARE
14062078,HEALTHCARE
47996197,HEALTHCARE
23944036,HEALTHCARE
23918545,HEALTHCARE
23138078,HEALTHCARE
27090089,HEALTHCARE
75297735,HEALTHCARE
35422305,HEALTHCARE
20110597,HEALTHCARE
17963031,HEALTHCARE
69199666,HEALTHCARE
11653906,HEALTHCARE
25451319,HEALTHCARE
26908066,HEALTHCARE
85918100,SALES
19582792,SALES
10898339,SALES
42304307,SALES
22047665,SALES
13178604,SALES
28139742,SALES
29184740,SALES
18171955,SALES
12082377,SALES
34131484,SALES
36074301,SALES
23782450,SALES
12696104,SALES
17378327,SALES
32140087,SALES
14381464,SALES
17704246,SALES
98509238,SALES
15273850,SALES
29211919,SALES
36970996,SALES
26932091,SALES
36621169,SALES
13348915,SALES
25810233,SALES
22319662,SALES
15765660,SALES
31199035,SALES
27607632,SALES
29332616,SALES
17781039,SALES
31454430,SALES
10603337,SALES
29805310,SALES
14358578,SALES
33578873,SALES
25839123,SALES
37792474,SALES
30529547,SALES
10464113,SALES
23929500,SALES
37540732,SALES
30083943,SALES
19156751,SALES
38087844,SALES
79376680,SALES
29815762,SALES
87118391,SALES
28867567,SALES
18885231,SALES
18368613,SALES
27233183,SALES
15918496,SALES
55097118,SALES
37735467,SALES
34303500,SALES
10724818,SALES
20819838,SALES
16280971,SALES
36904300,SALES
24610685,SALES
26994282,SALES
29134721,SALES
13637605,SALES
16121015,SALES
55104715,SALES
92200491,SALES
17410700,SALES
28377361,SALES
69155584,SALES
13812481,SALES
21595057,SALES
39581020,SALES
18328743,SALES
29399491,SALES
23296286,SALES
59422148,SALES
71772815,SALES
37360517,SALES
12820557,SALES
54101961,SALES
55477468,SALES
12351749,SALES
23032182,SALES
14267489,SALES
40987524,SALES
15581242,SALES
65456466,SALES
98108571,SALES
90682785,SALES
20141807,SALES
19147494,SALES
15973307,SALES
19147947,SALES
17509935,SALES
58428843,SALES
25315791,SALES
20423658,SALES
28198029,SALES
18062906,SALES
23760084,SALES
15620421,SALES
33236701,SALES
19473948,SALES
16223371,SALES
16511249,SALES
26530696,SALES
29928796,SALES
51349448,SALES
20552814,SALES
27624540,SALES
30608780,SALES
10138632,SALES
26425074,SALES
70528646,SALES
20024870,INFORMATION-TECHNOLOGY
24083609,INFORMATION-TECHNOLOGY
26801767,INFORMATION-TECHNOLOGY
91121135,INFORMATION-TECHNOLOGY
31243710,INFORMATION-TECHNOLOGY
27295996,INFORMATION-TECHNOLOGY
24889109,INFORMATION-TECHNOLOGY
10247517,INFORMATION-TECHNOLOGY
24230851,INFORMATION-TECHNOLOGY
33241454,INFORMATION-TECHNOLOGY
29075857,INFORMATION-TECHNOLOGY
27372171,INFORMATION-TECHNOLOGY
39413067,INFORMATION-TECHNOLOGY
19796840,INFORMATION-TECHNOLOGY
23666211,INFORMATION-TECHNOLOGY
40018190,INFORMATION-TECHNOLOGY
35325329,INFORMATION-TECHNOLOGY
83816738,INFORMATION-TECHNOLOGY
24038620,INFORMATION-TECHNOLOGY
51639418,INFORMATION-TECHNOLOGY
28126340,INFORMATION-TECHNOLOGY
16186411,INFORMATION-TECHNOLOGY
16533554,INFORMATION-TECHNOLOGY
25990239,INFORMATION-TECHNOLOGY
89413122,INFORMATION-TECHNOLOGY
13477922,INFORMATION-TECHNOLOGY
79541391,INFORMATION-TECHNOLOGY
19201175,INFORMATION-TECHNOLOGY
18067556,INFORMATION-TECHNOLOGY
10089434,INFORMATION-TECHNOLOGY
36856210,INFORMATION-TECHNOLOGY
20674668,INFORMATION-TECHNOLOGY
10840430,INFORMATION-TECHNOLOGY
30223363,INFORMATION-TECHNOLOGY
15791766,INFORMATION-TECHNOLOGY
12334140,INFORMATION-TECHNOLOGY
18301617,INFORMATION-TECHNOLOGY
24913648,INFORMATION-TECHNOLOGY
19850482,INFORMATION-TECHNOLOGY
38753827,INFORMATION-TECHNOLOGY
33381211,INFORMATION-TECHNOLOGY
16899268,INFORMATION-TECHNOLOGY
28035460,INFORMATION-TECHNOLOGY
10265057,INFORMATION-TECHNOLOGY
91697974,INFORMATION-TECHNOLOGY
29975124,INFORMATION-TECHNOLOGY
20408458,INFORMATION-TECHNOLOGY
10641230,INFORMATION-TECHNOLOGY
37242217,INFORMATION-TECHNOLOGY
12045067,INFORMATION-TECHNOLOGY
13836471,INFORMATION-TECHNOLOGY
17641670,INFORMATION-TECHNOLOGY
11957080,INFORMATION-TECHNOLOGY
10553553,INFORMATION-TECHNOLOGY
66832845,INFORMATION-TECHNOLOGY
46260230,INFORMATION-TECHNOLOGY
18187364,INFORMATION-TECHNOLOGY
26768723,INFORMATION-TECHNOLOGY
22450718,INFORMATION-TECHNOLOGY
17111768,INFORMATION-TECHNOLOGY
70089206,INFORMATION-TECHNOLOGY
29051656,INFORMATION-TECHNOLOGY
12635195,INFORMATION-TECHNOLOGY
39718499,INFORMATION-TECHNOLOGY
18159866,INFORMATION-TECHNOLOGY
36434348,INFORMATION-TECHNOLOGY
27536013,INFORMATION-TECHNOLOGY
20237244,INFORMATION-TECHNOLOGY
10839851,INFORMATION-TECHNOLOGY
91635250,INFORMATION-TECHNOLOGY
27485716,INFORMATION-TECHNOLOGY
23864648,INFORMATION-TECHNOLOGY
28672970,INFORMATION-TECHNOLOGY
52246737,INFORMATION-TECHNOLOGY
26480367,INFORMATION-TECHNOLOGY
25959103,INFORMATION-TECHNOLOGY
25207620,INFORMATION-TECHNOLOGY
92069209,INFORMATION-TECHNOLOGY
18752129,INFORMATION-TECHNOLOGY
15802627,INFORMATION-TECHNOLOGY
23527321,INFORMATION-TECHNOLOGY
31111279,INFORMATION-TECHNOLOGY
37764298,INFORMATION-TECHNOLOGY
32959732,INFORMATION-TECHNOLOGY
18176523,INFORMATION-TECHNOLOGY
11580408,INFORMATION-TECHNOLOGY
15651486,INFORMATION-TECHNOLOGY
26746496,INFORMATION-TECHNOLOGY
48037995,INFORMATION-TECHNOLOGY
27770859,INFORMATION-TECHNOLOGY
20879311,INFORMATION-TECHNOLOGY
20001721,INFORMATION-TECHNOLOGY
17688766,INFORMATION-TECHNOLOGY
17681064,INFORMATION-TECHNOLOGY
17987433,INFORMATION-TECHNOLOGY
27058381,INFORMATION-TECHNOLOGY
57002858,INFORMATION-TECHNOLOGY
15118506,INFORMATION-TECHNOLOGY
13385306,INFORMATION-TECHNOLOGY
14789139,INFORMATION-TECHNOLOGY
21283365,INFORMATION-TECHNOLOGY
11584809,INFORMATION-TECHNOLOGY
13405733,INFORMATION-TECHNOLOGY
21780877,INFORMATION-TECHNOLOGY
20824105,INFORMATION-TECHNOLOGY
81761658,INFORMATION-TECHNOLOGY
90867631,INFORMATION-TECHNOLOGY
22776912,INFORMATION-TECHNOLOGY
64017585,INFORMATION-TECHNOLOGY
25905275,INFORMATION-TECHNOLOGY
28697203,INFORMATION-TECHNOLOGY
51363762,INFORMATION-TECHNOLOGY
12763627,INFORMATION-TECHNOLOGY
24020470,INFORMATION-TECHNOLOGY
68460556,INFORMATION-TECHNOLOGY
25857360,INFORMATION-TECHNOLOGY
15297298,INFORMATION-TECHNOLOGY
41344156,INFORMATION-TECHNOLOGY
52618188,INFORMATION-TECHNOLOGY
28897981,INFORMATION-TECHNOLOGY
27937592,BUSINESS-DEVELOPMENT
10235211,BUSINESS-DEVELOPMENT
38688388,BUSINESS-DEVELOPMENT
14726000,BUSINESS-DEVELOPMENT
24647386,BUSINESS-DEVELOPMENT
20317319,BUSINESS-DEVELOPMENT
15233524,BUSINESS-DEVELOPMENT
14241621,BUSINESS-DEVELOPMENT
20427934,BUSINESS-DEVELOPMENT
12546838,BUSINESS-DEVELOPMENT
14990354,BUSINESS-DEVELOPMENT
27796199,BUSINESS-DEVELOPMENT
20748929,BUSINESS-DEVELOPMENT
80275976,BUSINESS-DEVELOPMENT
14861855,BUSINESS-DEVELOPMENT
31273310,BUSINESS-DEVELOPMENT
12377803,BUSINESS-DEVELOPMENT
34046031,BUSINESS-DEVELOPMENT
26896699,BUSINESS-DEVELOPMENT
13199813,BUSINESS-DEVELOPMENT
17095812,BUSINESS-DEVELOPMENT
17602815,BUSINESS-DEVELOPMENT
27219200,BUSINESS-DEVELOPMENT
28337049,BUSINESS-DEVELOPMENT
14752209,BUSINESS-DEVELOPMENT
10501991,BUSINESS-DEVELOPMENT
39237915,BUSINESS-DEVELOPMENT
17597372,BUSINESS-DEVELOPMENT
18236085,BUSINESS-DEVELOPMENT
14055971,BUSINESS-DEVELOPMENT
47067533,BUSINESS-DEVELOPMENT
27139412,BUSINESS-DEVELOPMENT
14825300,BUSINESS-DEVELOPMENT
61677751,BUSINESS-DEVELOPMENT
90629382,BUSINESS-DEVELOPMENT
12632728,BUSINESS-DEVELOPMENT
32385553,BUSINESS-DEVELOPMENT
89197180,BUSINESS-DEVELOPMENT
67501448,BUSINESS-DEVELOPMENT
35673335,BUSINESS-DEVELOPMENT
14070138,BUSINESS-DEVELOPMENT
12230301,BUSINESS-DEVELOPMENT
18311419,BUSINESS-DEVELOPMENT
23396633,BUSINESS-DEVELOPMENT
95382114,BUSINESS-DEVELOPMENT
25370801,BUSINESS-DEVELOPMENT
19738730,BUSINESS-DEVELOPMENT
17730889,BUSINESS-DEVELOPMENT
10541358,BUSINESS-DEVELOPMENT
26581830,BUSINESS-DEVELOPMENT
37391947,BUSINESS-DEVELOPMENT
18293620,BUSINESS-DEVELOPMENT
10228751,BUSINESS-DEVELOPMENT
59696315,BUSINESS-DEVELOPMENT
29908929,BUSINESS-DEVELOPMENT
10289113,BUSINESS-DEVELOPMENT
14871762,BUSINESS-DEVELOPMENT
25397102,BUSINESS-DEVELOPMENT
15811992,BUSINESS-DEVELOPMENT
12059198,BUSINESS-DEVELOPMENT
24964303,BUSINESS-DEVELOPMENT
20633855,BUSINESS-DEVELOPMENT
29014805,BUSINESS-DEVELOPMENT
27213082,BUSINESS-DEVELOPMENT
81310245,BUSINESS-DEVELOPMENT
13574264,BUSINESS-DEVELOPMENT
17115815,BUSINESS-DEVELOPMENT
36170003,BUSINESS-DEVELOPMENT
16091352,BUSINESS-DEVELOPMENT
39875803,BUSINESS-DEVELOPMENT
36805025,BUSINESS-DEVELOPMENT
12814706,BUSINESS-DEVELOPMENT
38007664,BUSINESS-DEVELOPMENT
65708020,BUSINESS-DEVELOPMENT
36574147,BUSINESS-DEVELOPMENT
16519708,BUSINESS-DEVELOPMENT
37521676,BUSINESS-DEVELOPMENT
24412546,BUSINESS-DEVELOPMENT
14287992,BUSINESS-DEVELOPMENT
11289482,BUSINESS-DEVELOPMENT
30938994,BUSINESS-DEVELOPMENT
27004930,BUSINESS-DEVELOPMENT
11551946,BUSINESS-DEVELOPMENT
32531824,BUSINESS-DEVELOPMENT
19557384,BUSINESS-DEVELOPMENT
22025574,BUSINESS-DEVELOPMENT
33424600,BUSINESS-DEVELOPMENT
40792022,BUSINESS-DEVELOPMENT
18937778,BUSINESS-DEVELOPMENT
27850777,BUSINESS-DEVELOPMENT
18757174,BUSINESS-DEVELOPMENT
22423839,BUSINESS-DEVELOPMENT
22765255,BUSINESS-DEVELOPMENT
25813953,BUSINESS-DEVELOPMENT
34797369,BUSINESS-DEVELOPMENT
15423153,BUSINESS-DEVELOPMENT
20553895,BUSINESS-DEVELOPMENT
79759716,BUSINESS-DEVELOPMENT
23568641,BUSINESS-DEVELOPMENT
76916835,BUSINESS-DEVELOPMENT
29825044,BUSINESS-DEVELOPMENT
10704573,BUSINESS-DEVELOPMENT
28916894,BUSINESS-DEVELOPMENT
29208172,BUSINESS-DEVELOPMENT
98379112,BUSINESS-DEVELOPMENT
11088337,BUSINESS-DEVELOPMENT
32042584,BUSINESS-DEVELOPMENT
20357858,BUSINESS-DEVELOPMENT
82118447,BUSINESS-DEVELOPMENT
13888506,BUSINESS-DEVELOPMENT
27375577,BUSINESS-DEVELOPMENT
16694152,BUSINESS-DEVELOPMENT
13080868,BUSINESS-DEVELOPMENT
17421910,BUSINESS-DEVELOPMENT
31638814,BUSINESS-DEVELOPMENT
31813535,BUSINESS-DEVELOPMENT
16846478,BUSINESS-DEVELOPMENT
77576845,BUSINESS-DEVELOPMENT
26278597,BUSINESS-DEVELOPMENT
91467795,BUSINESS-DEVELOPMENT
35603950,APPAREL
11409460,APPAREL
41586420,APPAREL
16985289,APPAREL
36094883,APPAREL
15535408,APPAREL
50324968,APPAREL
27549075,APPAREL
10562768,APPAREL
14413257,APPAREL
25543217,APPAREL
26586477,APPAREL
31225895,APPAREL
13764840,APPAREL
15746146,APPAREL
27099856,APPAREL
28998957,APPAREL
30430249,APPAREL
19070271,APPAREL
26046878,APPAREL
10738095,APPAREL
11232471,APPAREL
56025640,APPAREL
16723524,APPAREL
12122372,APPAREL
83566455,APPAREL
26691587,APPAREL
91026230,APPAREL
99806115,APPAREL
17714174,APPAREL
17659053,APPAREL
11677077,APPAREL
23190306,APPAREL
16391949,APPAREL
56151548,APPAREL
21570485,APPAREL
54308684,APPAREL
37750854,APPAREL
12669075,APPAREL
30344127,APPAREL
46514339,APPAREL
26829561,APPAREL
35985133,APPAREL
13418452,APPAREL
10182582,APPAREL
16605640,APPAREL
13807808,APPAREL
24516163,APPAREL
35121930,APPAREL
72807293,APPAREL
14698557,APPAREL
33665485,APPAREL
71767359,APPAREL
27694040,APPAREL
24533931,APPAREL
22852364,APPAREL
52252936,APPAREL
12059610,APPAREL
12668625,APPAREL
24989856,APPAREL
14937492,APPAREL
15479281,APPAREL
29521434,APPAREL
21807211,APPAREL
31362807,APPAREL
16500168,APPAREL
43852883,APPAREL
70750649,APPAREL
26098594,APPAREL
29028935,APPAREL
13386301,APPAREL
15154822,APPAREL
19402977,APPAREL
12860543,APPAREL
91533580,APPAREL
27091280,APPAREL
71499299,APPAREL
19714635,APPAREL
31761591,APPAREL
20905088,APPAREL
29640922,APPAREL
25142074,APPAREL
22249155,APPAREL
27176039,APPAREL
10876132,APPAREL
14304010,APPAREL
58208591,APPAREL
21007083,APPAREL
20504094,APPAREL
78273826,APPAREL
29764492,APPAREL
16915389,APPAREL
13858219,APPAREL
36136569,APPAREL
18509268,APPAREL
35571205,APPAREL
23719943,APPAREL
24251588,FITNESS
26459032,FITNESS
17431847,FITNESS
13367322,FITNESS
12791244,FITNESS
34792238,FITNESS
38650096,FITNESS
17163375,FITNESS
17166018,FITNESS
24767027,FITNESS
10268614,FITNESS
17286050,FITNESS
90365216,FITNESS
28669770,FITNESS
13037145,FITNESS
22093368,FITNESS
25482567,FITNESS
21178545,FITNESS
39805617,FITNESS
63282405,FITNESS
97123005,FITNESS
11332602,FITNESS
30757456,FITNESS
31556198,FITNESS
11130200,FITNESS
17915015,FITNESS
19599699,FITNESS
45656814,FITNESS
15293959,FITNESS
38642923,FITNESS
37087824,FITNESS
21238396,FITNESS
14107571,FITNESS
12092347,FITNESS
12695799,FITNESS
34151183,FITNESS
21122155,FITNESS
10568350,FITNESS
24219583,FITNESS
22488036,FITNESS
31042953,FITNESS
35164503,FITNESS
20565486,FITNESS
76530505,FITNESS
23011221,FITNESS
10235429,FITNESS
22855060,FITNESS
52684666,FITNESS
62870550,FITNESS
29573698,FITNESS
38108845,FITNESS
23004695,FITNESS
27397245,FITNESS
95085510,FITNESS
23063986,FITNESS
18767449,FITNESS
27974588,FITNESS
12923795,FITNESS
80000092,FITNESS
59487170,FITNESS
30990885,FITNESS
13675377,FITNESS
54259150,FITNESS
12019284,FITNESS
20255404,FITNESS
28321954,FITNESS
11522068,FITNESS
27084878,FITNESS
32636041,FITNESS
32651555,FITNESS
32517106,FITNESS
75156649,FITNESS
16474898,FITNESS
12938389,FITNESS
24444525,FITNESS
24994145,FITNESS
96761538,FITNESS
24905947,FITNESS
10969918,FITNESS
70603826,FITNESS
17660419,FITNESS
69666645,FITNESS
29319314,FITNESS
15932017,FITNESS
19938081,FITNESS
17576030,FITNESS
28172023,FITNESS
24708621,FITNESS
67032711,FITNESS
19975121,FITNESS
29792535,FITNESS
57575888,FITNESS
19037403,FITNESS
35302620,FITNESS
17658471,FITNESS
27903191,FITNESS
56286525,FITNESS
29425788,FITNESS
10333051,FITNESS
23477199,FITNESS
25507648,FITNESS
16038911,FITNESS
20279756,FITNESS
55746506,FITNESS
95769832,FITNESS
20457611,FITNESS
29165698,FITNESS
77266989,FITNESS
10428916,FITNESS
36139251,FITNESS
19774173,FITNESS
10816645,FITNESS
29306433,FITNESS
16605352,FITNESS
14515954,FITNESS
25838512,FITNESS
89858892,FITNESS
69336473,AGRICULTURE
17312146,AGRICULTURE
26921245,AGRICULTURE
55712978,AGRICULTURE
29897742,AGRICULTURE
28165687,AGRICULTURE
37201447,AGRICULTURE
14140903,AGRICULTURE
16661264,AGRICULTURE
17640785,AGRICULTURE
36102323,AGRICULTURE
19532392,AGRICULTURE
30437583,AGRICULTURE
28247753,AGRICULTURE
26070334,AGRICULTURE
69360287,AGRICULTURE
11676151,AGRICULTURE
24001783,AGRICULTURE
81042872,AGRICULTURE
84512719,AGRICULTURE
24397882,AGRICULTURE
62994611,AGRICULTURE
21868149,AGRICULTURE
16849128,AGRICULTURE
56068028,AGRICULTURE
29510501,AGRICULTURE
20969119,AGRICULTURE
10953078,AGRICULTURE
29968330,AGRICULTURE
34141299,AGRICULTURE
18242317,AGRICULTURE
11813872,AGRICULTURE
40882926,AGRICULTURE
20006992,AGRICULTURE
24416961,AGRICULTURE
19851252,AGRICULTURE
15053703,AGRICULTURE
21134923,AGRICULTURE
27689009,AGRICULTURE
79536879,AGRICULTURE
18264694,AGRICULTURE
24068423,AGRICULTURE
16653657,AGRICULTURE
29142288,AGRICULTURE
16172429,AGRICULTURE
12341902,AGRICULTURE
54246169,AGRICULTURE
69859102,AGRICULTURE
29746235,AGRICULTURE
37292350,AGRICULTURE
38216888,AGRICULTURE
17499196,AGRICULTURE
11197262,AGRICULTURE
23631188,AGRICULTURE
16507693,AGRICULTURE
27888251,AGRICULTURE
89740812,AGRICULTURE
15603319,AGRICULTURE
55500538,AGRICULTURE
12674256,AGRICULTURE
26835781,AGRICULTURE
15546686,AGRICULTURE
28733974,AGRICULTURE
84373843,FINANCE
33685988,FINANCE
15717923,FINANCE
62850928,FINANCE
24530382,FINANCE
24967652,FINANCE
16449850,FINANCE
74849878,FINANCE
25330083,FINANCE
24854026,FINANCE
18072085,FINANCE
24833063,FINANCE
24411323,FINANCE
88038965,FINANCE
18636651,FINANCE
19405513,FINANCE
58165257,FINANCE
11490673,FINANCE
47410104,FINANCE
70541112,FINANCE
15224503,FINANCE
37931076,FINANCE
24670867,FINANCE
26750846,FINANCE
92524964,FINANCE
23955183,FINANCE
39675895,FINANCE
15891494,FINANCE
31948488,FINANCE
48285304,FINANCE
11441764,FINANCE
59450123,FINANCE
14413148,FINANCE
20969845,FINANCE
26530575,FINANCE
81677620,FINANCE
28396458,FINANCE
59818742,FINANCE
22492537,FINANCE
19243556,FINANCE
59938965,FINANCE
17880988,FINANCE
27789372,FINANCE
25678238,FINANCE
84356308,FINANCE
25101183,FINANCE
18640927,FINANCE
57088974,FINANCE
26231609,FINANCE
77638654,FINANCE
27409087,FINANCE
20836112,FINANCE
86549455,FINANCE
72136463,FINANCE
59777056,FINANCE
22720697,FINANCE
26767199,FINANCE
66741193,FINANCE
20977412,FINANCE
15792052,FINANCE
28522529,FINANCE
28724469,FINANCE
24553863,FINANCE
27018361,FINANCE
34250007,FINANCE
38907798,FINANCE
21912637,FINANCE
20275356,FINANCE
76454959,FINANCE
20705888,FINANCE
39295103,FINANCE
23354541,FINANCE
26013403,FINANCE
17392859,FINANCE
28623782,FINANCE
61634281,FINANCE
27914096,FINANCE
18024825,FINANCE
14408510,FINANCE
29494962,FINANCE
91564103,FINANCE
28973180,FINANCE
16426777,FINANCE
38225199,FINANCE
29648950,FINANCE
38441665,FINANCE
28758002,FINANCE
11877150,FINANCE
14181049,FINANCE
26961846,FINANCE
22622351,FINANCE
14106638,FINANCE
24611721,FINANCE
93653247,FINANCE
15011085,FINANCE
98513424,FINANCE
19147603,FINANCE
69487178,FINANCE
20918464,FINANCE
86595128,FINANCE
25497147,FINANCE
74512244,FINANCE
20880935,FINANCE
95519832,FINANCE
19540089,FINANCE
29612672,FINANCE
78229715,FINANCE
12071138,FINANCE
23573064,FINANCE
29998869,FINANCE
81217013,FINANCE
18975686,FINANCE
17775916,FINANCE
27330027,FINANCE
14722634,FINANCE
10549585,FINANCE
12858898,FINANCE
28398216,FINANCE
26829350,BPO
11183737,BPO
95625660,BPO
41152404,BPO
18589927,BPO
57706851,BPO
30709029,BPO
19362586,BPO
69097572,BPO
23933031,BPO
45077654,BPO
63158213,BPO
13964744,BPO
79261033,BPO
16492045,BPO
15145575,BPO
38707449,BPO
31064969,BPO
27710853,BPO
89512321,BPO
24727739,BPO
15573418,BPO
